,DriverNumber,BroadcastName,TeamName,Round_Number,Country,Location,Year,Event_Type,Sprint_Qual_Position,Sprint_Race_Position,Qual_Position,Sector1Time,Sector2Time,Sector3Time,SpeedST,Stint,Race_Position
0,1,M VERSTAPPEN,Red Bull Racing,1,Bahrain,Sakhir,2024,Race,,,1.0,31.408017857142855,41.41484210526316,23.734122807017545,289.95652173913044,3.0,1.0
1,10,P GASLY,Alpine,1,Bahrain,Sakhir,2024,Race,,,20.0,32.36654545454546,42.15969642857143,24.230589285714284,292.921568627451,4.0,18.0
2,11,S PEREZ,Red Bull Racing,1,Bahrain,Sakhir,2024,Race,,,5.0,31.452642857142855,41.66915789473684,23.809157894736842,297.3636363636364,3.0,2.0
3,14,F ALONSO,Aston Martin,1,Bahrain,Sakhir,2024,Race,,,6.0,31.71014285714286,42.10484210526316,24.028701754385963,296.25,3.0,9.0
4,16,C LECLERC,Ferrari,1,Bahrain,Sakhir,2024,Race,,,2.0,31.594267857142857,41.8139298245614,23.835982456140353,299.32,3.0,4.0
5,18,L STROLL,Aston Martin,1,Bahrain,Sakhir,2024,Race,,,12.0,31.698803571428574,42.345649122807025,23.99378947368421,298.1219512195122,3.0,10.0
6,2,L SARGEANT,Williams,1,Bahrain,Sakhir,2024,Race,,,18.0,33.56296296296296,42.49005454545455,24.320054545454546,288.98039215686276,4.0,20.0
7,20,K MAGNUSSEN,Haas F1 Team,1,Bahrain,Sakhir,2024,Race,,,15.0,31.760127272727274,42.384875,24.230999999999998,302.7755102040816,3.0,12.0
8,22,Y TSUNODA,RB,1,Bahrain,Sakhir,2024,Race,,,11.0,31.841236363636366,42.404125,24.16119642857143,302.11538461538464,3.0,14.0
9,23,A ALBON,Williams,1,Bahrain,Sakhir,2024,Race,,,13.0,31.880363636363636,42.43683928571429,24.129321428571426,298.75,3.0,15.0
10,24,G ZHOU,Kick Sauber,1,Bahrain,Sakhir,2024,Race,,,17.0,31.858054545454547,42.35673214285714,24.114285714285717,300.1111111111111,3.0,11.0
11,27,N HULKENBERG,Haas F1 Team,1,Bahrain,Sakhir,2024,Race,,,10.0,32.16743636363636,42.20866071428571,24.093500000000002,295.20512820512823,4.0,16.0
12,3,D RICCIARDO,RB,1,Bahrain,Sakhir,2024,Race,,,14.0,31.694072727272726,42.39876785714286,24.252446428571428,300.66,3.0,13.0
13,31,E OCON,Alpine,1,Bahrain,Sakhir,2024,Race,,,19.0,32.08150909090909,42.42891071428571,24.22925,290.3333333333333,3.0,17.0
14,4,L NORRIS,McLaren,1,Bahrain,Sakhir,2024,Race,,,7.0,31.555,41.861333333333334,23.954543859649124,296.3255813953488,3.0,6.0
15,44,L HAMILTON,Mercedes,1,Bahrain,Sakhir,2024,Race,,,9.0,31.525642857142856,42.031789473684206,23.83680701754386,294.53061224489795,3.0,7.0
16,55,C SAINZ,Ferrari,1,Bahrain,Sakhir,2024,Race,,,4.0,31.451392857142856,41.80921052631579,23.70973684210526,301.2448979591837,3.0,3.0
17,63,G RUSSELL,Mercedes,1,Bahrain,Sakhir,2024,Race,,,3.0,31.616321428571432,41.99159649122807,23.755438596491228,293.37254901960785,3.0,5.0
18,77,V BOTTAS,Kick Sauber,1,Bahrain,Sakhir,2024,Race,,,16.0,31.55937037037037,42.52233928571429,24.24991071428571,296.53846153846155,3.0,19.0
19,81,O PIASTRI,McLaren,1,Bahrain,Sakhir,2024,Race,,,8.0,31.668839285714284,41.8651403508772,23.96922807017544,298.6326530612245,3.0,8.0
0,1,M VERSTAPPEN,Red Bull Racing,2,Saudi Arabia,Jeddah,2024,Race,,,1.0,35.444326530612244,30.45056,30.9601,297.42,2.0,1.0
1,10,P GASLY,Alpine,2,Saudi Arabia,Jeddah,2024,Race,,,18.0,,36.134,40.034,224.0,1.0,20.0
2,11,S PEREZ,Red Bull Racing,2,Saudi Arabia,Jeddah,2024,Race,,,3.0,35.559448979591835,30.5852,30.85306,303.38,2.0,2.0
3,14,F ALONSO,Aston Martin,2,Saudi Arabia,Jeddah,2024,Race,,,4.0,35.77628571428571,30.72454,31.031639999999996,300.24,2.0,5.0
4,16,C LECLERC,Ferrari,2,Saudi Arabia,Jeddah,2024,Race,,,2.0,35.636204081632656,30.66418,30.906999999999996,302.8,2.0,3.0
5,18,L STROLL,Aston Martin,2,Saudi Arabia,Jeddah,2024,Race,,,10.0,35.4545,30.3216,30.3014,304.6,1.0,19.0
6,2,L SARGEANT,Williams,2,Saudi Arabia,Jeddah,2024,Race,,,19.0,36.747791666666664,31.037918367346936,31.05673469387755,315.6938775510204,2.0,14.0
7,20,K MAGNUSSEN,Haas F1 Team,2,Saudi Arabia,Jeddah,2024,Race,,,13.0,36.576632653061225,30.915039999999998,30.98554,303.36,2.0,12.0
8,22,Y TSUNODA,RB,2,Saudi Arabia,Jeddah,2024,Race,,,9.0,36.856520833333335,30.99730612244898,31.0125306122449,321.0204081632653,2.0,15.0
9,23,A ALBON,Williams,2,Saudi Arabia,Jeddah,2024,Race,,,12.0,36.66787755102041,30.87632,30.982,314.92,2.0,11.0
10,24,G ZHOU,Kick Sauber,2,Saudi Arabia,Jeddah,2024,Race,,,20.0,37.08583333333333,31.002469387755102,31.213489795918367,299.46938775510205,2.0,18.0
11,27,N HULKENBERG,Haas F1 Team,2,Saudi Arabia,Jeddah,2024,Race,,,15.0,36.264714285714284,30.91904,31.10112,302.92,2.0,10.0
12,3,D RICCIARDO,RB,2,Saudi Arabia,Jeddah,2024,Race,,,14.0,36.1061914893617,30.92383673469388,30.65312244897959,312.7142857142857,2.0,16.0
13,31,E OCON,Alpine,2,Saudi Arabia,Jeddah,2024,Race,,,17.0,36.7568125,30.98034693877551,31.064102040816326,313.0,2.0,13.0
14,38,O BEARMAN,Ferrari,2,Saudi Arabia,Jeddah,2024,Race,,,11.0,35.92681632653061,30.79538,30.88512,304.12,2.0,7.0
15,4,L NORRIS,McLaren,2,Saudi Arabia,Jeddah,2024,Race,,,6.0,35.67591836734694,30.80334,31.22104,293.66,2.0,8.0
16,44,L HAMILTON,Mercedes,2,Saudi Arabia,Jeddah,2024,Race,,,8.0,36.19218367346939,30.54428,30.98966,309.88,2.0,9.0
17,63,G RUSSELL,Mercedes,2,Saudi Arabia,Jeddah,2024,Race,,,7.0,36.02730612244898,30.65352,30.90326,310.96,2.0,6.0
18,77,V BOTTAS,Kick Sauber,2,Saudi Arabia,Jeddah,2024,Race,,,16.0,36.910645833333334,31.07616326530612,31.201918367346938,303.734693877551,3.0,17.0
19,81,O PIASTRI,McLaren,2,Saudi Arabia,Jeddah,2024,Race,,,5.0,35.80277551020408,30.671680000000002,30.976439999999997,307.52,2.0,4.0
0,1,M VERSTAPPEN,Red Bull Racing,3,Australia,Melbourne,2024,Race,,,1.0,29.057333333333332,18.44075,35.78933333333333,281.5,1.0,19.0
1,10,P GASLY,Alpine,3,Australia,Melbourne,2024,Race,,,17.0,29.606285714285715,18.63315789473684,36.892421052631576,291.8333333333333,3.0,13.0
2,11,S PEREZ,Red Bull Racing,3,Australia,Melbourne,2024,Race,,,3.0,29.184842105263158,18.487189655172415,36.38713793103449,292.92452830188677,3.0,5.0
3,14,F ALONSO,Aston Martin,3,Australia,Melbourne,2024,Race,,,10.0,29.153140350877194,18.559741379310342,36.74351724137931,290.17543859649123,3.0,8.0
4,16,C LECLERC,Ferrari,3,Australia,Melbourne,2024,Race,,,5.0,28.882859649122803,18.227741379310345,36.033534482758625,289.5098039215686,3.0,2.0
5,18,L STROLL,Aston Martin,3,Australia,Melbourne,2024,Race,,,9.0,29.152,18.73956896551724,36.79894827586207,289.8909090909091,3.0,6.0
6,20,K MAGNUSSEN,Haas F1 Team,3,Australia,Melbourne,2024,Race,,,14.0,29.324035714285714,18.43538596491228,36.82514035087719,297.0444444444444,3.0,10.0
7,22,Y TSUNODA,RB,3,Australia,Melbourne,2024,Race,,,8.0,29.23735087719298,18.86793103448276,36.619120689655176,290.1818181818182,3.0,7.0
8,23,A ALBON,Williams,3,Australia,Melbourne,2024,Race,,,12.0,29.37389285714286,18.528859649122808,36.70201754385965,296.4255319148936,3.0,11.0
9,24,G ZHOU,Kick Sauber,3,Australia,Melbourne,2024,Race,,,19.0,29.455303571428573,18.802859649122805,36.956385964912286,286.24528301886795,3.0,15.0
10,27,N HULKENBERG,Haas F1 Team,3,Australia,Melbourne,2024,Race,,,16.0,29.372894736842106,18.809293103448276,36.66403448275862,293.7916666666667,3.0,9.0
11,3,D RICCIARDO,RB,3,Australia,Melbourne,2024,Race,,,18.0,29.443357142857142,18.610947368421055,36.640368421052635,289.8979591836735,3.0,12.0
12,31,E OCON,Alpine,3,Australia,Melbourne,2024,Race,,,15.0,29.60332142857143,18.69215789473684,37.163649122807016,290.8,4.0,16.0
13,4,L NORRIS,McLaren,3,Australia,Melbourne,2024,Race,,,4.0,28.914263157894737,18.281689655172414,36.01798275862069,289.25,3.0,3.0
14,44,L HAMILTON,Mercedes,3,Australia,Melbourne,2024,Race,,,11.0,29.553357142857145,18.181066666666666,36.9288,291.73333333333335,2.0,18.0
15,55,C SAINZ,Ferrari,3,Australia,Melbourne,2024,Race,,,2.0,28.811263157894736,18.432379310344828,35.88368965517241,287.921568627451,3.0,1.0
16,63,G RUSSELL,Mercedes,3,Australia,Melbourne,2024,Race,,,7.0,28.849890909090906,18.264517857142856,36.40264285714286,294.45283018867923,3.0,17.0
17,77,V BOTTAS,Kick Sauber,3,Australia,Melbourne,2024,Race,,,13.0,29.563875,18.82582456140351,36.8821052631579,283.85714285714283,3.0,14.0
18,81,O PIASTRI,McLaren,3,Australia,Melbourne,2024,Race,,,6.0,29.249701754385963,18.266241379310344,36.205137931034486,291.9423076923077,3.0,4.0
0,1,M VERSTAPPEN,Red Bull Racing,4,Japan,Suzuka,2024,Race,,,1.0,35.46864,43.51539622641509,19.274584905660376,285.75471698113205,4.0,1.0
1,10,P GASLY,Alpine,4,Japan,Suzuka,2024,Race,,,17.0,37.5282,44.94092307692308,20.122134615384617,294.38461538461536,4.0,16.0
2,11,S PEREZ,Red Bull Racing,4,Japan,Suzuka,2024,Race,,,2.0,35.45464,43.72605660377358,19.352264150943398,290.7358490566038,4.0,2.0
3,14,F ALONSO,Aston Martin,4,Japan,Suzuka,2024,Race,,,5.0,35.8362,43.79937735849057,19.55622641509434,291.50943396226415,4.0,6.0
4,16,C LECLERC,Ferrari,4,Japan,Suzuka,2024,Race,,,8.0,36.57707843137255,43.98356603773585,19.576509433962265,291.64150943396226,3.0,4.0
5,18,L STROLL,Aston Martin,4,Japan,Suzuka,2024,Race,,,16.0,36.541224489795916,44.39986538461539,20.172365384615382,289.1923076923077,5.0,12.0
6,2,L SARGEANT,Williams,4,Japan,Suzuka,2024,Race,,,19.0,37.330079999999995,45.402115384615385,20.231673076923077,294.13461538461536,5.0,17.0
7,20,K MAGNUSSEN,Haas F1 Team,4,Japan,Suzuka,2024,Race,,,18.0,37.09926,44.8154423076923,20.007576923076922,296.3076923076923,3.0,13.0
8,22,Y TSUNODA,RB,4,Japan,Suzuka,2024,Race,,,10.0,36.34879591836735,44.38078431372549,19.422078431372547,295.1372549019608,4.0,10.0
9,23,A ALBON,Williams,4,Japan,Suzuka,2024,Race,,,14.0,,,,,1.0,20.0
10,24,G ZHOU,Kick Sauber,4,Japan,Suzuka,2024,Race,,,20.0,43.251799999999996,48.389916666666664,25.012833333333333,275.1666666666667,4.0,18.0
11,27,N HULKENBERG,Haas F1 Team,4,Japan,Suzuka,2024,Race,,,12.0,37.59336,44.33742307692307,19.844903846153844,296.03846153846155,4.0,11.0
12,3,D RICCIARDO,RB,4,Japan,Suzuka,2024,Race,,,11.0,,,,,1.0,19.0
13,31,E OCON,Alpine,4,Japan,Suzuka,2024,Race,,,15.0,37.45232,44.79675,20.096634615384616,293.28846153846155,4.0,15.0
14,4,L NORRIS,McLaren,4,Japan,Suzuka,2024,Race,,,3.0,35.65402,43.8517358490566,19.36422641509434,293.3207547169811,4.0,5.0
15,44,L HAMILTON,Mercedes,4,Japan,Suzuka,2024,Race,,,7.0,36.96276470588235,44.047018867924535,19.61230188679245,291.7169811320755,4.0,9.0
16,55,C SAINZ,Ferrari,4,Japan,Suzuka,2024,Race,,,4.0,35.65906,43.766113207547164,19.303528301886793,294.45283018867923,4.0,3.0
17,63,G RUSSELL,Mercedes,4,Japan,Suzuka,2024,Race,,,9.0,36.85509803921569,43.94775471698114,19.754679245283018,292.79245283018867,4.0,7.0
18,77,V BOTTAS,Kick Sauber,4,Japan,Suzuka,2024,Race,,,13.0,37.36938,44.68026923076923,19.933865384615384,290.96153846153845,4.0,14.0
19,81,O PIASTRI,McLaren,4,Japan,Suzuka,2024,Race,,,6.0,36.99970588235294,43.99067924528302,19.551735849056602,294.49056603773585,4.0,8.0
0,1,M VERSTAPPEN,Red Bull Racing,5,China,Shanghai,2024,Sprint,4.0,1.0,1.0,28.933745454545456,32.280946428571426,46.87289285714286,291.2857142857143,3.0,1.0
1,10,P GASLY,Alpine,5,China,Shanghai,2024,Sprint,16.0,15.0,15.0,29.54836363636364,32.66589285714286,47.05610714285714,288.8392857142857,4.0,13.0
2,11,S PEREZ,Red Bull Racing,5,China,Shanghai,2024,Sprint,6.0,3.0,2.0,28.812272727272727,32.558767857142854,47.046142857142854,299.01785714285717,3.0,3.0
3,14,F ALONSO,Aston Martin,5,China,Shanghai,2024,Sprint,3.0,20.0,3.0,29.147545454545455,32.47575,47.23633928571429,295.85714285714283,4.0,7.0
4,16,C LECLERC,Ferrari,5,China,Shanghai,2024,Sprint,7.0,4.0,6.0,28.696490909090908,32.698232142857144,47.07782142857143,296.64285714285717,2.0,4.0
5,18,L STROLL,Aston Martin,5,China,Shanghai,2024,Sprint,15.0,14.0,11.0,29.05888888888889,31.849,46.830803571428575,299.23214285714283,5.0,15.0
6,2,L SARGEANT,Williams,5,China,Shanghai,2024,Sprint,20.0,18.0,20.0,29.261581818181817,32.931464285714284,47.297464285714284,291.5892857142857,3.0,17.0
7,20,K MAGNUSSEN,Haas F1 Team,5,China,Shanghai,2024,Sprint,12.0,10.0,17.0,29.025072727272725,32.63860714285714,47.740053571428575,290.73214285714283,3.0,16.0
8,22,Y TSUNODA,RB,5,China,Shanghai,2024,Sprint,19.0,16.0,19.0,30.245839999999998,32.698115384615384,48.00411538461538,295.3076923076923,3.0,19.0
9,23,A ALBON,Williams,5,China,Shanghai,2024,Sprint,18.0,17.0,14.0,29.195854545454544,32.86192857142857,47.14839285714286,295.55357142857144,3.0,12.0
10,24,G ZHOU,Kick Sauber,5,China,Shanghai,2024,Sprint,10.0,9.0,16.0,29.49270909090909,32.647821428571426,47.16814285714286,292.19642857142856,4.0,14.0
11,27,N HULKENBERG,Haas F1 Team,5,China,Shanghai,2024,Sprint,13.0,19.0,9.0,28.96936363636364,32.836982142857146,47.32103571428571,297.9107142857143,3.0,10.0
12,3,D RICCIARDO,RB,5,China,Shanghai,2024,Sprint,14.0,11.0,12.0,30.11815625,34.58021212121212,50.301848484848485,284.06060606060606,2.0,18.0
13,31,E OCON,Alpine,5,China,Shanghai,2024,Sprint,17.0,13.0,13.0,29.098545454545455,32.61982142857143,47.43960714285714,286.01785714285717,3.0,11.0
14,4,L NORRIS,McLaren,5,China,Shanghai,2024,Sprint,1.0,6.0,4.0,28.675145454545454,32.62925,47.00935714285714,292.05357142857144,2.0,2.0
15,44,L HAMILTON,Mercedes,5,China,Shanghai,2024,Sprint,2.0,2.0,18.0,29.151218181818184,32.69483928571429,47.205464285714285,296.57142857142856,3.0,9.0
16,55,C SAINZ,Ferrari,5,China,Shanghai,2024,Sprint,5.0,5.0,7.0,28.6846,32.64067857142857,47.32426785714286,299.05357142857144,2.0,5.0
17,63,G RUSSELL,Mercedes,5,China,Shanghai,2024,Sprint,11.0,8.0,8.0,28.874436363636363,32.59430357142857,47.27830357142857,295.23214285714283,3.0,6.0
18,77,V BOTTAS,Kick Sauber,5,China,Shanghai,2024,Sprint,9.0,12.0,10.0,28.427277777777775,31.097368421052632,44.46931578947368,316.7894736842105,2.0,20.0
19,81,O PIASTRI,McLaren,5,China,Shanghai,2024,Sprint,8.0,7.0,5.0,29.01650909090909,32.70760714285714,47.34385714285714,294.07142857142856,3.0,8.0
0,1,M VERSTAPPEN,Red Bull Racing,6,United States,Miami,2024,Sprint,1.0,1.0,1.0,32.81760714285714,36.20885964912281,26.713333333333335,303.03508771929825,2.0,2.0
1,10,P GASLY,Alpine,6,United States,Miami,2024,Sprint,16.0,9.0,12.0,32.89864285714286,36.6250350877193,26.747912280701755,316.3333333333333,2.0,12.0
2,11,S PEREZ,Red Bull Racing,6,United States,Miami,2024,Sprint,3.0,3.0,4.0,33.07014285714286,36.100631578947365,26.638298245614035,307.5438596491228,3.0,4.0
3,14,F ALONSO,Aston Martin,6,United States,Miami,2024,Sprint,8.0,17.0,15.0,32.82007142857143,36.642315789473685,26.677315789473685,307.05263157894734,2.0,9.0
4,16,C LECLERC,Ferrari,6,United States,Miami,2024,Sprint,2.0,2.0,2.0,32.85410714285714,36.21157894736842,26.695087719298243,308.1929824561403,2.0,3.0
5,18,L STROLL,Aston Martin,6,United States,Miami,2024,Sprint,7.0,19.0,11.0,33.14123214285714,36.5730350877193,26.58115789473684,312.12280701754383,3.0,17.0
6,2,L SARGEANT,Williams,6,United States,Miami,2024,Sprint,18.0,10.0,17.0,32.97173076923077,35.82644444444444,26.601888888888887,317.55555555555554,2.0,20.0
7,20,K MAGNUSSEN,Haas F1 Team,6,United States,Miami,2024,Sprint,14.0,18.0,19.0,33.64228571428571,36.07215789473684,26.726526315789474,316.140350877193,4.0,19.0
8,22,Y TSUNODA,RB,6,United States,Miami,2024,Sprint,15.0,8.0,10.0,32.928982142857144,36.37071929824561,26.67135087719298,309.03508771929825,2.0,7.0
9,23,A ALBON,Williams,6,United States,Miami,2024,Sprint,20.0,13.0,14.0,33.407178571428574,36.61612280701755,26.80436842105263,320.719298245614,3.0,18.0
10,24,G ZHOU,Kick Sauber,6,United States,Miami,2024,Sprint,17.0,11.0,20.0,33.028642857142856,36.6151403508772,26.698947368421052,309.2631578947368,2.0,14.0
11,27,N HULKENBERG,Haas F1 Team,6,United States,Miami,2024,Sprint,10.0,7.0,9.0,33.06523214285714,36.53161403508772,26.64815789473684,309.719298245614,3.0,11.0
12,3,D RICCIARDO,RB,6,United States,Miami,2024,Sprint,4.0,4.0,18.0,33.07016071428571,36.517,26.767017543859648,313.3157894736842,2.0,15.0
13,31,E OCON,Alpine,6,United States,Miami,2024,Sprint,13.0,15.0,13.0,32.92216071428572,36.58705263157895,26.68180701754386,312.63157894736844,2.0,10.0
14,4,L NORRIS,McLaren,6,United States,Miami,2024,Sprint,9.0,20.0,5.0,32.446017857142856,36.359157894736846,26.730666666666664,306.29824561403507,2.0,1.0
15,44,L HAMILTON,Mercedes,6,United States,Miami,2024,Sprint,12.0,16.0,8.0,32.871607142857144,36.352964912280704,26.599263157894736,308.8421052631579,2.0,6.0
16,55,C SAINZ,Ferrari,6,United States,Miami,2024,Sprint,5.0,5.0,3.0,32.74530357142857,36.33364912280702,26.679754385964912,308.5263157894737,2.0,5.0
17,63,G RUSSELL,Mercedes,6,United States,Miami,2024,Sprint,11.0,12.0,7.0,32.942214285714286,36.529245614035084,26.643684210526317,314.87719298245617,2.0,8.0
18,77,V BOTTAS,Kick Sauber,6,United States,Miami,2024,Sprint,19.0,14.0,16.0,32.846267857142855,36.68873684210526,26.847508771929824,311.87719298245617,3.0,16.0
19,81,O PIASTRI,McLaren,6,United States,Miami,2024,Sprint,6.0,6.0,6.0,33.285000000000004,36.384614035087715,26.783333333333335,306.56140350877195,3.0,13.0
0,1,M VERSTAPPEN,Red Bull Racing,7,Italy,Imola,2024,Race,,,1.0,25.97040322580645,28.162174603174606,27.189492063492064,291.3174603174603,2.0,1.0
1,10,P GASLY,Alpine,7,Italy,Imola,2024,Race,,,15.0,26.841950819672128,28.67341935483871,27.851564516129034,282.1290322580645,3.0,16.0
2,11,S PEREZ,Red Bull Racing,7,Italy,Imola,2024,Race,,,11.0,26.24283870967742,28.32750793650794,27.568603174603172,288.12698412698415,2.0,8.0
3,14,F ALONSO,Aston Martin,7,Italy,Imola,2024,Race,,,19.0,27.151639344262296,28.708709677419357,27.85240322580645,284.2741935483871,4.0,19.0
4,16,C LECLERC,Ferrari,7,Italy,Imola,2024,Race,,,4.0,25.99214516129032,28.262349206349207,27.177968253968253,287.58730158730157,2.0,3.0
5,18,L STROLL,Aston Martin,7,Italy,Imola,2024,Race,,,13.0,26.30682258064516,28.548253968253967,27.664555555555555,283.5079365079365,2.0,9.0
6,2,L SARGEANT,Williams,7,Italy,Imola,2024,Race,,,20.0,26.56772131147541,28.989870967741936,27.814370967741937,287.88709677419354,2.0,17.0
7,20,K MAGNUSSEN,Haas F1 Team,7,Italy,Imola,2024,Race,,,18.0,26.421852459016392,28.885935483870966,27.679612903225806,286.7741935483871,2.0,12.0
8,22,Y TSUNODA,RB,7,Italy,Imola,2024,Race,,,7.0,26.423032786885248,28.70308064516129,27.753064516129033,286.7903225806452,2.0,10.0
9,23,A ALBON,Williams,7,Italy,Imola,2024,Race,,,14.0,28.277959999999997,29.160098039215686,28.50845098039216,279.05882352941177,5.0,20.0
10,24,G ZHOU,Kick Sauber,7,Italy,Imola,2024,Race,,,17.0,26.560409836065574,28.920225806451615,27.79716129032258,284.88709677419354,2.0,15.0
11,27,N HULKENBERG,Haas F1 Team,7,Italy,Imola,2024,Race,,,10.0,26.492262295081968,28.75232258064516,27.75824193548387,284.9032258064516,2.0,11.0
12,3,D RICCIARDO,RB,7,Italy,Imola,2024,Race,,,9.0,26.460245901639347,28.82035483870968,27.743000000000002,285.64516129032256,2.0,13.0
13,31,E OCON,Alpine,7,Italy,Imola,2024,Race,,,12.0,26.55367213114754,28.889790322580644,27.838645161290323,281.01612903225805,2.0,14.0
14,4,L NORRIS,McLaren,7,Italy,Imola,2024,Race,,,3.0,25.82256451612903,28.297126984126987,27.202015873015874,291.1904761904762,2.0,2.0
15,44,L HAMILTON,Mercedes,7,Italy,Imola,2024,Race,,,8.0,26.027435483870967,28.493222222222222,27.32038095238095,284.3968253968254,2.0,6.0
16,55,C SAINZ,Ferrari,7,Italy,Imola,2024,Race,,,5.0,26.06491935483871,28.375126984126986,27.214714285714287,286.25396825396825,2.0,5.0
17,63,G RUSSELL,Mercedes,7,Italy,Imola,2024,Race,,,6.0,26.433048387096772,28.195444444444448,27.416238095238093,286.5238095238095,3.0,7.0
18,77,V BOTTAS,Kick Sauber,7,Italy,Imola,2024,Race,,,16.0,26.70439344262295,28.940354838709677,27.82256451612903,284.38709677419354,2.0,18.0
19,81,O PIASTRI,McLaren,7,Italy,Imola,2024,Race,,,2.0,25.834145161290323,28.370730158730158,27.311190476190475,289.95238095238096,2.0,4.0
0,1,M VERSTAPPEN,Red Bull Racing,8,Monaco,Monaco,2024,Race,,,6.0,20.697025974025976,37.00978205128205,22.083246753246755,268.6025641025641,3.0,6.0
1,10,P GASLY,Alpine,8,Monaco,Monaco,2024,Race,,,10.0,21.203157894736844,37.847142857142856,22.239736842105263,274.987012987013,2.0,10.0
2,11,S PEREZ,Red Bull Racing,8,Monaco,Monaco,2024,Race,,,16.0,,,,,1.0,18.0
3,14,F ALONSO,Aston Martin,8,Monaco,Monaco,2024,Race,,,14.0,21.30568,38.15802631578948,21.98908,274.4868421052632,2.0,11.0
4,16,C LECLERC,Ferrari,8,Monaco,Monaco,2024,Race,,,1.0,20.63016883116883,37.04185897435897,21.03375,275.12820512820514,2.0,1.0
5,18,L STROLL,Aston Martin,8,Monaco,Monaco,2024,Race,,,13.0,21.1362,37.826,22.64562666666667,275.0131578947368,4.0,14.0
6,2,L SARGEANT,Williams,8,Monaco,Monaco,2024,Race,,,15.0,21.264506666666666,38.00011842105263,22.22024,277.9342105263158,3.0,15.0
7,20,K MAGNUSSEN,Haas F1 Team,8,Monaco,Monaco,2024,Race,,,15.0,,,,,1.0,20.0
8,22,Y TSUNODA,RB,8,Monaco,Monaco,2024,Race,,,8.0,21.132657894736845,37.74261038961039,22.22305263157895,272.4805194805195,2.0,8.0
9,23,A ALBON,Williams,8,Monaco,Monaco,2024,Race,,,9.0,21.34636842105263,37.85798701298701,22.011815789473683,276.5584415584416,2.0,9.0
10,24,G ZHOU,Kick Sauber,8,Monaco,Monaco,2024,Race,,,18.0,21.486839999999997,38.07628947368421,22.25356,277.10526315789474,3.0,16.0
11,27,N HULKENBERG,Haas F1 Team,8,Monaco,Monaco,2024,Race,,,14.0,,,,,1.0,19.0
12,3,D RICCIARDO,RB,8,Monaco,Monaco,2024,Race,,,12.0,21.33872,38.08894736842105,22.092133333333333,272.61842105263156,2.0,12.0
13,31,E OCON,Alpine,8,Monaco,Monaco,2024,Race,,,11.0,,,,,1.0,17.0
14,4,L NORRIS,McLaren,8,Monaco,Monaco,2024,Race,,,4.0,20.65081818181818,37.124205128205126,20.994934210526317,278.9102564102564,2.0,4.0
15,44,L HAMILTON,Mercedes,8,Monaco,Monaco,2024,Race,,,7.0,20.897935064935066,36.821615384615384,22.047103896103895,276.9230769230769,3.0,7.0
16,55,C SAINZ,Ferrari,8,Monaco,Monaco,2024,Race,,,3.0,20.665116883116884,37.24834615384616,20.993368421052633,277.14102564102564,2.0,3.0
17,63,G RUSSELL,Mercedes,8,Monaco,Monaco,2024,Race,,,5.0,20.959480519480522,36.92696153846153,21.954090909090908,272.6794871794872,2.0,5.0
18,77,V BOTTAS,Kick Sauber,8,Monaco,Monaco,2024,Race,,,17.0,21.270506666666666,38.083092105263155,22.02453333333333,277.5657894736842,3.0,13.0
19,81,O PIASTRI,McLaren,8,Monaco,Monaco,2024,Race,,,2.0,20.602129870129872,37.170692307692306,21.027131578947365,277.56410256410254,2.0,2.0
0,1,M VERSTAPPEN,Red Bull Racing,9,Canada,Montréal,2024,Race,,,2.0,25.816115942028983,28.699828571428572,36.03064285714286,284.04285714285714,3.0,1.0
1,10,P GASLY,Alpine,9,Canada,Montréal,2024,Race,,,15.0,26.14417391304348,28.83075714285714,35.883114285714285,292.62857142857143,3.0,9.0
2,11,S PEREZ,Red Bull Racing,9,Canada,Montréal,2024,Race,,,16.0,26.785823529411765,29.444596153846152,36.00235294117647,297.6730769230769,3.0,18.0
3,14,F ALONSO,Aston Martin,9,Canada,Montréal,2024,Race,,,6.0,26.114231884057972,28.67262857142857,35.979285714285716,287.65714285714284,3.0,6.0
4,16,C LECLERC,Ferrari,9,Canada,Montréal,2024,Race,,,11.0,27.7403,30.022414634146344,37.903125,288.5853658536585,4.0,19.0
5,18,L STROLL,Aston Martin,9,Canada,Montréal,2024,Race,,,9.0,25.956840579710143,28.817371428571427,36.05214285714286,288.27142857142854,3.0,7.0
6,2,L SARGEANT,Williams,9,Canada,Montréal,2024,Race,,,13.0,27.475,30.535608695652172,35.45060869565218,304.2608695652174,1.0,20.0
7,20,K MAGNUSSEN,Haas F1 Team,9,Canada,Montréal,2024,Race,,,14.0,26.152478260869565,28.619314285714285,36.143614285714285,293.8,5.0,12.0
8,22,Y TSUNODA,RB,9,Canada,Montréal,2024,Race,,,8.0,26.041637681159422,29.1694,36.02041428571429,288.24285714285713,2.0,14.0
9,23,A ALBON,Williams,9,Canada,Montréal,2024,Race,,,10.0,26.989078431372548,28.958653846153844,35.87936538461538,301.5,3.0,17.0
10,24,G ZHOU,Kick Sauber,9,Canada,Montréal,2024,Race,,,20.0,26.741441176470587,28.943028985507247,36.796695652173916,286.1304347826087,4.0,15.0
11,27,N HULKENBERG,Haas F1 Team,9,Canada,Montréal,2024,Race,,,19.0,26.081840579710143,28.672914285714285,36.13247142857143,292.0285714285714,4.0,11.0
12,3,D RICCIARDO,RB,9,Canada,Montréal,2024,Race,,,5.0,26.08255072463768,28.735371428571426,36.089571428571425,296.2142857142857,3.0,8.0
13,31,E OCON,Alpine,9,Canada,Montréal,2024,Race,,,18.0,26.06349275362319,28.87117142857143,35.935114285714285,280.3,2.0,10.0
14,4,L NORRIS,McLaren,9,Canada,Montréal,2024,Race,,,3.0,25.849652173913043,28.71185714285714,36.03044285714285,283.6714285714286,3.0,2.0
15,44,L HAMILTON,Mercedes,9,Canada,Montréal,2024,Race,,,7.0,26.081898550724638,28.383085714285716,36.11222857142857,290.37142857142857,4.0,4.0
16,55,C SAINZ,Ferrari,9,Canada,Montréal,2024,Race,,,12.0,26.979634615384615,29.424169811320755,35.82119230769231,297.3018867924528,3.0,16.0
17,63,G RUSSELL,Mercedes,9,Canada,Montréal,2024,Race,,,1.0,26.063884057971013,28.378242857142858,36.185028571428575,284.25714285714287,4.0,3.0
18,77,V BOTTAS,Kick Sauber,9,Canada,Montréal,2024,Race,,,17.0,26.252391304347825,28.90892857142857,35.82441428571428,290.25714285714287,2.0,13.0
19,81,O PIASTRI,McLaren,9,Canada,Montréal,2024,Race,,,4.0,26.062579710144927,28.683442857142854,35.922985714285716,285.2,3.0,5.0
0,1,M VERSTAPPEN,Red Bull Racing,10,Spain,Barcelona,2024,Race,,,2.0,24.1758,32.059378787878785,24.02131818181818,300.8421052631579,3.0,1.0
1,10,P GASLY,Alpine,10,Spain,Barcelona,2024,Race,,,7.0,24.40936923076923,32.37612121212121,24.389969696969697,304.18,3.0,9.0
2,11,S PEREZ,Red Bull Racing,10,Spain,Barcelona,2024,Race,,,8.0,24.524584615384615,32.28906060606061,24.313984848484846,305.25454545454545,4.0,8.0
3,14,F ALONSO,Aston Martin,10,Spain,Barcelona,2024,Race,,,11.0,24.41321875,32.70490769230769,24.48469230769231,306.42622950819674,3.0,12.0
4,16,C LECLERC,Ferrari,10,Spain,Barcelona,2024,Race,,,5.0,24.04176923076923,32.30203030303031,24.242545454545454,311.14814814814815,3.0,5.0
5,18,L STROLL,Aston Martin,10,Spain,Barcelona,2024,Race,,,14.0,24.578765625,32.73121538461538,24.531107692307693,304.7962962962963,3.0,14.0
6,2,L SARGEANT,Williams,10,Spain,Barcelona,2024,Race,,,20.0,24.81620634920635,33.03003125,24.945171875,304.36538461538464,3.0,20.0
7,20,K MAGNUSSEN,Haas F1 Team,10,Spain,Barcelona,2024,Race,,,16.0,24.655328125,32.91304615384615,24.71903076923077,311.3898305084746,3.0,17.0
8,22,Y TSUNODA,RB,10,Spain,Barcelona,2024,Race,,,17.0,24.824921875,32.86963076923077,24.739092307692307,307.32142857142856,4.0,19.0
9,23,A ALBON,Williams,10,Spain,Barcelona,2024,Race,,,19.0,24.673546875,32.91761538461538,24.681784615384615,303.5576923076923,3.0,18.0
10,24,G ZHOU,Kick Sauber,10,Spain,Barcelona,2024,Race,,,15.0,24.476203125,32.68241538461538,24.52504615384615,304.74074074074076,3.0,13.0
11,27,N HULKENBERG,Haas F1 Team,10,Spain,Barcelona,2024,Race,,,13.0,24.40730769230769,32.57448484848485,24.363212121212122,307.5740740740741,3.0,11.0
12,3,D RICCIARDO,RB,10,Spain,Barcelona,2024,Race,,,18.0,24.57815625,32.858584615384615,24.679753846153847,308.85714285714283,3.0,15.0
13,31,E OCON,Alpine,10,Spain,Barcelona,2024,Race,,,9.0,24.355923076923077,32.48419696969697,24.478181818181817,302.46938775510205,3.0,10.0
14,4,L NORRIS,McLaren,10,Spain,Barcelona,2024,Race,,,1.0,24.023707692307692,32.14472727272727,24.11440909090909,310.0655737704918,3.0,2.0
15,44,L HAMILTON,Mercedes,10,Spain,Barcelona,2024,Race,,,3.0,24.02723076923077,32.26493939393939,24.223015151515153,312.7368421052632,3.0,3.0
16,55,C SAINZ,Ferrari,10,Spain,Barcelona,2024,Race,,,6.0,24.120123076923075,32.37895454545455,24.2079696969697,307.3392857142857,3.0,6.0
17,63,G RUSSELL,Mercedes,10,Spain,Barcelona,2024,Race,,,4.0,24.178723076923077,32.24554545454546,24.1785,305.05263157894734,3.0,4.0
18,77,V BOTTAS,Kick Sauber,10,Spain,Barcelona,2024,Race,,,12.0,24.660765625,32.903461538461535,24.710830769230768,304.7931034482759,3.0,16.0
19,81,O PIASTRI,McLaren,10,Spain,Barcelona,2024,Race,,,10.0,24.274292307692306,32.255272727272725,24.213818181818183,304.1864406779661,3.0,7.0
0,1,M VERSTAPPEN,Red Bull Racing,11,Austria,Spielberg,2024,Sprint,1.0,1.0,1.0,18.5879,31.608028169014087,21.474169014084506,295.4366197183099,4.0,5.0
1,10,P GASLY,Alpine,11,Austria,Spielberg,2024,Sprint,9.0,12.0,13.0,18.131385714285713,32.11712676056338,21.854225352112678,298.98591549295776,3.0,10.0
2,11,S PEREZ,Red Bull Racing,11,Austria,Spielberg,2024,Sprint,7.0,8.0,8.0,18.261314285714285,32.00128169014084,21.762535211267608,297.53521126760563,3.0,7.0
3,14,F ALONSO,Aston Martin,11,Austria,Spielberg,2024,Sprint,13.0,15.0,15.0,18.713652173913044,32.287971428571424,21.939585714285712,301.54285714285714,4.0,18.0
4,16,C LECLERC,Ferrari,11,Austria,Spielberg,2024,Sprint,10.0,7.0,6.0,18.690685714285713,31.87261971830986,21.635676056338028,301.07042253521126,5.0,11.0
5,18,L STROLL,Aston Martin,11,Austria,Spielberg,2024,Sprint,12.0,10.0,17.0,18.19333333333333,32.367314285714286,21.831957142857146,299.5571428571429,3.0,13.0
6,2,L SARGEANT,Williams,11,Austria,Spielberg,2024,Sprint,15.0,16.0,19.0,18.80430882352941,32.454405797101444,22.13282608695652,293.92753623188406,4.0,19.0
7,20,K MAGNUSSEN,Haas F1 Team,11,Austria,Spielberg,2024,Sprint,11.0,9.0,12.0,18.12317142857143,32.0947323943662,21.87107042253521,302.77464788732397,3.0,8.0
8,22,Y TSUNODA,RB,11,Austria,Spielberg,2024,Sprint,14.0,13.0,14.0,18.40486956521739,32.14032857142857,21.8974,293.4,3.0,14.0
9,23,A ALBON,Williams,11,Austria,Spielberg,2024,Sprint,20.0,17.0,16.0,18.29472463768116,32.272328571428574,21.83857142857143,301.2857142857143,3.0,15.0
10,24,G ZHOU,Kick Sauber,11,Austria,Spielberg,2024,Sprint,19.0,20.0,20.0,18.551391304347828,32.33914285714285,21.921914285714287,293.3142857142857,3.0,17.0
11,27,N HULKENBERG,Haas F1 Team,11,Austria,Spielberg,2024,Sprint,17.0,19.0,9.0,18.218442857142858,32.022450704225356,21.763957746478873,298.61971830985914,3.0,6.0
12,3,D RICCIARDO,RB,11,Austria,Spielberg,2024,Sprint,16.0,14.0,11.0,18.096928571428574,32.03446478873239,21.971253521126762,303.5774647887324,3.0,9.0
13,31,E OCON,Alpine,11,Austria,Spielberg,2024,Sprint,8.0,11.0,10.0,18.251257142857142,32.24209859154929,21.71481690140845,294.1267605633803,3.0,12.0
14,4,L NORRIS,McLaren,11,Austria,Spielberg,2024,Sprint,2.0,3.0,2.0,18.091158730158728,31.70921875,21.89396875,297.0625,3.0,20.0
15,44,L HAMILTON,Mercedes,11,Austria,Spielberg,2024,Sprint,6.0,6.0,5.0,18.2817,31.80367605633803,21.507619718309858,297.6619718309859,3.0,4.0
16,55,C SAINZ,Ferrari,11,Austria,Spielberg,2024,Sprint,5.0,5.0,4.0,18.195542857142858,31.669380281690138,21.463718309859154,295.61971830985914,3.0,3.0
17,63,G RUSSELL,Mercedes,11,Austria,Spielberg,2024,Sprint,4.0,4.0,3.0,18.092585714285715,31.849887323943662,21.32805633802817,298.14084507042253,3.0,1.0
18,77,V BOTTAS,Kick Sauber,11,Austria,Spielberg,2024,Sprint,18.0,18.0,18.0,18.433463768115942,32.23722857142857,21.856485714285714,293.4,3.0,16.0
19,81,O PIASTRI,McLaren,11,Austria,Spielberg,2024,Sprint,3.0,2.0,7.0,18.189685714285716,31.743014084507042,21.346985915492958,297.63380281690144,3.0,2.0
0,1,M VERSTAPPEN,Red Bull Racing,12,United Kingdom,Silverstone,2024,Race,,,4.0,31.038823529411765,38.049942307692305,26.036903846153848,295.9230769230769,3.0,2.0
1,10,P GASLY,Alpine,12,United Kingdom,Silverstone,2024,Race,,,20.0,,,,,1.0,20.0
2,11,S PEREZ,Red Bull Racing,12,United Kingdom,Silverstone,2024,Race,,,19.0,32.69887755102041,39.5269,26.85376,304.0,5.0,17.0
3,14,F ALONSO,Aston Martin,12,United Kingdom,Silverstone,2024,Race,,,10.0,31.204803921568626,38.73851923076923,26.333634615384614,302.0576923076923,3.0,8.0
4,16,C LECLERC,Ferrari,12,United Kingdom,Silverstone,2024,Race,,,11.0,32.05014,39.218411764705884,26.470411764705883,301.5686274509804,4.0,14.0
5,18,L STROLL,Aston Martin,12,United Kingdom,Silverstone,2024,Race,,,8.0,31.139117647058825,38.673115384615386,26.345846153846153,302.1730769230769,3.0,7.0
6,2,L SARGEANT,Williams,12,United Kingdom,Silverstone,2024,Race,,,12.0,31.467745098039217,38.89671153846154,26.40044230769231,306.4807692307692,3.0,11.0
7,20,K MAGNUSSEN,Haas F1 Team,12,United Kingdom,Silverstone,2024,Race,,,17.0,31.32329411764706,38.99425,26.440865384615385,304.15384615384613,3.0,12.0
8,22,Y TSUNODA,RB,12,United Kingdom,Silverstone,2024,Race,,,13.0,31.237490196078433,38.907096153846155,26.433038461538462,306.2307692307692,3.0,10.0
9,23,A ALBON,Williams,12,United Kingdom,Silverstone,2024,Race,,,9.0,31.318941176470588,38.72523076923077,26.318096153846152,308.09615384615387,3.0,9.0
10,24,G ZHOU,Kick Sauber,12,United Kingdom,Silverstone,2024,Race,,,14.0,33.153510204081634,39.85396,26.9591,294.2,5.0,18.0
11,27,N HULKENBERG,Haas F1 Team,12,United Kingdom,Silverstone,2024,Race,,,6.0,31.144803921568627,38.72838461538461,26.255346153846155,305.0,3.0,6.0
12,3,D RICCIARDO,RB,12,United Kingdom,Silverstone,2024,Race,,,15.0,31.38126,39.1621568627451,26.55427450980392,303.4313725490196,3.0,13.0
13,31,E OCON,Alpine,12,United Kingdom,Silverstone,2024,Race,,,18.0,32.626551020408165,39.47384,26.97302,289.68,5.0,16.0
14,4,L NORRIS,McLaren,12,United Kingdom,Silverstone,2024,Race,,,3.0,31.02278431372549,38.23286538461538,25.980173076923077,301.63461538461536,3.0,3.0
15,44,L HAMILTON,Mercedes,12,United Kingdom,Silverstone,2024,Race,,,2.0,31.04221568627451,38.106730769230765,25.952096153846153,299.90384615384613,3.0,1.0
16,55,C SAINZ,Ferrari,12,United Kingdom,Silverstone,2024,Race,,,7.0,31.464019607843138,38.43392307692308,26.09951923076923,300.2307692307692,4.0,5.0
17,63,G RUSSELL,Mercedes,12,United Kingdom,Silverstone,2024,Race,,,1.0,31.11746875,38.434636363636365,26.516333333333332,297.3939393939394,2.0,19.0
18,77,V BOTTAS,Kick Sauber,12,United Kingdom,Silverstone,2024,Race,,,16.0,31.601660000000003,39.42464705882353,26.683607843137256,292.8235294117647,3.0,15.0
19,81,O PIASTRI,McLaren,12,United Kingdom,Silverstone,2024,Race,,,5.0,30.996254901960782,38.243634615384615,26.085846153846152,304.71153846153845,3.0,4.0
0,1,M VERSTAPPEN,Red Bull Racing,13,Hungary,Budapest,2024,Race,,,3.0,30.551028985507248,30.004942857142858,23.721742857142857,293.66,3.0,5.0
1,10,P GASLY,Alpine,13,Hungary,Budapest,2024,Race,,,20.0,30.90409375,31.06421212121212,24.369848484848486,293.75,2.0,20.0
2,11,S PEREZ,Red Bull Racing,13,Hungary,Budapest,2024,Race,,,16.0,30.45363768115942,30.24274285714286,23.792885714285713,296.5576923076923,3.0,7.0
3,14,F ALONSO,Aston Martin,13,Hungary,Budapest,2024,Race,,,7.0,30.736681159420293,30.4568,23.943528571428573,291.58490566037733,3.0,11.0
4,16,C LECLERC,Ferrari,13,Hungary,Budapest,2024,Race,,,6.0,30.520710144927538,29.839514285714287,23.881700000000002,291.68888888888887,3.0,4.0
5,18,L STROLL,Aston Martin,13,Hungary,Budapest,2024,Race,,,8.0,30.621695652173912,30.44572857142857,23.997785714285715,295.09615384615387,3.0,10.0
6,2,L SARGEANT,Williams,13,Hungary,Budapest,2024,Race,,,14.0,31.120514705882357,30.594623188405798,24.18386956521739,297.7647058823529,4.0,17.0
7,20,K MAGNUSSEN,Haas F1 Team,13,Hungary,Budapest,2024,Race,,,15.0,30.883470588235294,30.6483768115942,24.288289855072463,295.55102040816325,3.0,15.0
8,22,Y TSUNODA,RB,13,Hungary,Budapest,2024,Race,,,10.0,30.574550724637678,30.513085714285715,23.953985714285714,287.4375,2.0,9.0
9,23,A ALBON,Williams,13,Hungary,Budapest,2024,Race,,,13.0,30.975514705882354,30.648144927536237,24.080246376811594,290.9047619047619,3.0,14.0
10,24,G ZHOU,Kick Sauber,13,Hungary,Budapest,2024,Race,,,18.0,31.058191176470586,30.764492753623188,24.24008695652174,291.8139534883721,3.0,19.0
11,27,N HULKENBERG,Haas F1 Team,13,Hungary,Budapest,2024,Race,,,11.0,30.810676470588238,30.67591304347826,24.14663768115942,294.27450980392155,3.0,13.0
12,3,D RICCIARDO,RB,13,Hungary,Budapest,2024,Race,,,9.0,30.73129411764706,30.60231884057971,24.089971014492754,293.4423076923077,3.0,12.0
13,31,E OCON,Alpine,13,Hungary,Budapest,2024,Race,,,19.0,31.03785294117647,30.71313043478261,24.28226086956522,294.30434782608694,4.0,18.0
14,4,L NORRIS,McLaren,13,Hungary,Budapest,2024,Race,,,1.0,30.611202898550722,29.69647142857143,23.68857142857143,287.5416666666667,3.0,2.0
15,44,L HAMILTON,Mercedes,13,Hungary,Budapest,2024,Race,,,5.0,30.594739130434778,29.874971428571428,23.70662857142857,288.9433962264151,3.0,3.0
16,55,C SAINZ,Ferrari,13,Hungary,Budapest,2024,Race,,,4.0,30.60317391304348,29.917514285714287,23.762885714285716,292.3658536585366,3.0,6.0
17,63,G RUSSELL,Mercedes,13,Hungary,Budapest,2024,Race,,,17.0,30.578304347826084,30.079057142857145,23.872728571428574,294.60655737704917,3.0,8.0
18,77,V BOTTAS,Kick Sauber,13,Hungary,Budapest,2024,Race,,,12.0,30.894338235294118,30.714695652173912,24.205478260869565,297.94642857142856,3.0,16.0
19,81,O PIASTRI,McLaren,13,Hungary,Budapest,2024,Race,,,2.0,30.520782608695654,29.765957142857147,23.69757142857143,288.1521739130435,3.0,1.0
0,1,M VERSTAPPEN,Red Bull Racing,14,Belgium,Spa-Francorchamps,2024,Race,,,1.0,31.569093023255814,48.32995454545455,29.249204545454543,312.19444444444446,3.0,4.0
1,10,P GASLY,Alpine,14,Belgium,Spa-Francorchamps,2024,Race,,,12.0,31.882837209302327,49.049068181818186,29.454772727272726,313.27027027027026,3.0,13.0
2,11,S PEREZ,Red Bull Racing,14,Belgium,Spa-Francorchamps,2024,Race,,,3.0,32.26748837209302,48.122977272727276,29.577545454545454,310.3939393939394,4.0,7.0
3,14,F ALONSO,Aston Martin,14,Belgium,Spa-Francorchamps,2024,Race,,,9.0,31.618697674418605,48.98018181818182,29.47581818181818,311.25925925925924,2.0,8.0
4,16,C LECLERC,Ferrari,14,Belgium,Spa-Francorchamps,2024,Race,,,2.0,31.936953488372094,47.875840909090904,29.365568181818183,311.5,3.0,3.0
5,18,L STROLL,Aston Martin,14,Belgium,Spa-Francorchamps,2024,Race,,,15.0,31.55537209302326,49.34084090909091,29.43231818181818,310.53333333333336,2.0,11.0
6,2,L SARGEANT,Williams,14,Belgium,Spa-Francorchamps,2024,Race,,,19.0,31.899279069767445,49.41013636363636,29.539295454545456,311.6857142857143,3.0,17.0
7,20,K MAGNUSSEN,Haas F1 Team,14,Belgium,Spa-Francorchamps,2024,Race,,,17.0,31.551162790697674,49.38252272727273,29.475977272727274,312.75,2.0,14.0
8,22,Y TSUNODA,RB,14,Belgium,Spa-Francorchamps,2024,Race,,,18.0,31.632279069767446,49.50909090909091,29.49627272727273,310.09090909090907,2.0,16.0
9,23,A ALBON,Williams,14,Belgium,Spa-Francorchamps,2024,Race,,,11.0,31.746,49.251749999999994,29.39363636363636,314.15625,3.0,12.0
10,24,G ZHOU,Kick Sauber,14,Belgium,Spa-Francorchamps,2024,Race,,,20.0,31.676,52.611000000000004,34.8546,301.0,1.0,19.0
11,27,N HULKENBERG,Haas F1 Team,14,Belgium,Spa-Francorchamps,2024,Race,,,16.0,31.82286046511628,49.50722727272728,29.60109090909091,313.6060606060606,3.0,18.0
12,3,D RICCIARDO,RB,14,Belgium,Spa-Francorchamps,2024,Race,,,13.0,31.770441860465112,48.91,29.481477272727272,311.030303030303,3.0,10.0
13,31,E OCON,Alpine,14,Belgium,Spa-Francorchamps,2024,Race,,,10.0,31.55839534883721,49.28068181818182,29.284363636363636,318.80555555555554,3.0,9.0
14,4,L NORRIS,McLaren,14,Belgium,Spa-Francorchamps,2024,Race,,,5.0,31.559255813953488,48.386295454545454,29.22809090909091,315.2258064516129,3.0,5.0
15,44,L HAMILTON,Mercedes,14,Belgium,Spa-Francorchamps,2024,Race,,,4.0,31.923000000000002,47.70977272727273,29.359795454545452,309.93548387096774,3.0,1.0
16,55,C SAINZ,Ferrari,14,Belgium,Spa-Francorchamps,2024,Race,,,8.0,31.830046511627906,48.226318181818186,29.357204545454547,312.77777777777777,3.0,6.0
17,63,G RUSSELL,Mercedes,14,Belgium,Spa-Francorchamps,2024,Race,,,7.0,31.36551162790698,48.380227272727275,29.214795454545456,312.46666666666664,2.0,20.0
18,77,V BOTTAS,Kick Sauber,14,Belgium,Spa-Francorchamps,2024,Race,,,14.0,31.83606976744186,49.1661590909091,29.53375,312.69444444444446,3.0,15.0
19,81,O PIASTRI,McLaren,14,Belgium,Spa-Francorchamps,2024,Race,,,6.0,31.627999999999997,48.11740909090909,29.248136363636362,315.32142857142856,3.0,2.0
0,1,M VERSTAPPEN,Red Bull Racing,15,Netherlands,Zandvoort,2024,Race,,,2.0,25.88138028169014,27.309930555555557,22.700625,298.12280701754383,2.0,2.0
1,10,P GASLY,Alpine,15,Netherlands,Zandvoort,2024,Race,,,9.0,26.16604285714286,27.644478873239436,22.916732394366196,301.36842105263156,2.0,9.0
2,11,S PEREZ,Red Bull Racing,15,Netherlands,Zandvoort,2024,Race,,,5.0,25.946338028169016,27.458,22.689375,303.0923076923077,2.0,6.0
3,14,F ALONSO,Aston Martin,15,Netherlands,Zandvoort,2024,Race,,,7.0,26.103142857142856,27.704380281690142,22.98430985915493,301.125,2.0,10.0
4,16,C LECLERC,Ferrari,15,Netherlands,Zandvoort,2024,Race,,,6.0,25.91956338028169,27.44373611111111,22.53765277777778,306.31666666666666,2.0,3.0
5,18,L STROLL,Aston Martin,15,Netherlands,Zandvoort,2024,Race,,,8.0,26.246385714285715,27.78105633802817,22.86469014084507,302.203125,2.0,13.0
6,2,L SARGEANT,Williams,15,Netherlands,Zandvoort,2024,Race,,,20.0,26.39294285714286,28.028267605633804,23.06067605633803,303.741935483871,2.0,16.0
7,20,K MAGNUSSEN,Haas F1 Team,15,Netherlands,Zandvoort,2024,Race,,,14.0,26.476557142857143,28.008746478873242,22.94594366197183,304.74626865671644,2.0,18.0
8,22,Y TSUNODA,RB,15,Netherlands,Zandvoort,2024,Race,,,12.0,26.748685714285713,27.743929577464787,23.0246338028169,298.67692307692306,3.0,17.0
9,23,A ALBON,Williams,15,Netherlands,Zandvoort,2024,Race,,,10.0,26.493885714285717,27.735704225352112,22.92349295774648,306.2903225806452,3.0,14.0
10,24,G ZHOU,Kick Sauber,15,Netherlands,Zandvoort,2024,Race,,,18.0,27.04323188405797,27.954542857142858,23.1894,286.2,3.0,20.0
11,27,N HULKENBERG,Haas F1 Team,15,Netherlands,Zandvoort,2024,Race,,,13.0,26.18704285714286,27.837211267605635,22.84067605633803,305.35483870967744,2.0,11.0
12,3,D RICCIARDO,RB,15,Netherlands,Zandvoort,2024,Race,,,15.0,26.324714285714286,27.623802816901406,22.93125352112676,302.0,2.0,12.0
13,31,E OCON,Alpine,15,Netherlands,Zandvoort,2024,Race,,,16.0,26.39324285714286,27.740197183098594,23.108338028169015,299.52542372881356,2.0,15.0
14,4,L NORRIS,McLaren,15,Netherlands,Zandvoort,2024,Race,,,1.0,25.70383098591549,27.334999999999997,22.52434722222222,296.75384615384615,2.0,1.0
15,44,L HAMILTON,Mercedes,15,Netherlands,Zandvoort,2024,Race,,,11.0,26.153042253521125,27.372180555555556,22.68801388888889,296.0735294117647,3.0,8.0
16,55,C SAINZ,Ferrari,15,Netherlands,Zandvoort,2024,Race,,,10.0,25.970281690140848,27.45448611111111,22.551111111111112,305.03076923076924,2.0,5.0
17,63,G RUSSELL,Mercedes,15,Netherlands,Zandvoort,2024,Race,,,4.0,26.16361971830986,27.358111111111114,22.65663888888889,305.0357142857143,3.0,7.0
18,77,V BOTTAS,Kick Sauber,15,Netherlands,Zandvoort,2024,Race,,,17.0,26.827797101449274,27.785957142857143,23.121285714285715,293.12698412698415,3.0,19.0
19,81,O PIASTRI,McLaren,15,Netherlands,Zandvoort,2024,Race,,,3.0,25.72945070422535,27.575875,22.622,303.84375,2.0,4.0
0,1,M VERSTAPPEN,Red Bull Racing,16,Italy,Monza,2024,Race,,,7.0,28.434134615384615,28.74579245283019,28.041566037735848,317.28205128205127,3.0,6.0
1,10,P GASLY,Alpine,16,Italy,Monza,2024,Race,,,14.0,28.513490196078433,29.314923076923076,28.625249999999998,323.01960784313724,3.0,15.0
2,11,S PEREZ,Red Bull Racing,16,Italy,Monza,2024,Race,,,8.0,28.36353846153846,28.953584905660378,28.203264150943394,319.46666666666664,3.0,8.0
3,14,F ALONSO,Aston Martin,16,Italy,Monza,2024,Race,,,11.0,28.373884615384615,29.040509433962264,28.369320754716984,324.7959183673469,3.0,11.0
4,16,C LECLERC,Ferrari,16,Italy,Monza,2024,Race,,,4.0,27.862499999999997,28.630547169811322,28.012566037735848,324.47727272727275,2.0,1.0
5,18,L STROLL,Aston Martin,16,Italy,Monza,2024,Race,,,17.0,28.804529411764705,29.37069230769231,28.753096153846155,326.625,4.0,19.0
6,20,K MAGNUSSEN,Haas F1 Team,16,Italy,Monza,2024,Race,,,13.0,28.06955769230769,29.13775471698113,28.364962264150943,325.44897959183675,2.0,10.0
7,22,Y TSUNODA,RB,16,Italy,Monza,2024,Race,,,16.0,28.23866666666667,30.819142857142857,31.277428571428572,321.85714285714283,1.0,20.0
8,23,A ALBON,Williams,16,Italy,Monza,2024,Race,,,9.0,28.055038461538462,29.23333962264151,28.474886792452832,326.531914893617,2.0,9.0
9,24,G ZHOU,Kick Sauber,16,Italy,Monza,2024,Race,,,20.0,28.346372549019605,29.65776923076923,28.835403846153845,318.59090909090907,2.0,18.0
10,27,N HULKENBERG,Haas F1 Team,16,Italy,Monza,2024,Race,,,10.0,28.933274509803923,29.289192307692307,28.489115384615385,321.70454545454544,3.0,17.0
11,3,D RICCIARDO,RB,16,Italy,Monza,2024,Race,,,12.0,28.166057692307692,29.173188679245285,28.621075471698113,319.8979591836735,2.0,13.0
12,31,E OCON,Alpine,16,Italy,Monza,2024,Race,,,15.0,28.20592156862745,29.454192307692306,28.672250000000002,319.59090909090907,2.0,14.0
13,4,L NORRIS,McLaren,16,Italy,Monza,2024,Race,,,1.0,28.171211538461538,28.629056603773584,27.836622641509432,325.5882352941176,3.0,3.0
14,43,F COLAPINTO,Williams,16,Italy,Monza,2024,Race,,,18.0,28.162230769230767,29.3281320754717,28.496811320754716,326.6818181818182,2.0,12.0
15,44,L HAMILTON,Mercedes,16,Italy,Monza,2024,Race,,,6.0,28.180749999999996,28.749886792452827,28.002490566037736,324.6734693877551,3.0,5.0
16,55,C SAINZ,Ferrari,16,Italy,Monza,2024,Race,,,5.0,27.942057692307692,28.81801886792453,28.038169811320753,322.02564102564105,2.0,4.0
17,63,G RUSSELL,Mercedes,16,Italy,Monza,2024,Race,,,3.0,28.407826923076925,28.820245283018867,28.02584905660377,327.67391304347825,3.0,7.0
18,77,V BOTTAS,Kick Sauber,16,Italy,Monza,2024,Race,,,19.0,28.363607843137256,29.553653846153846,28.681134615384618,320.2391304347826,2.0,16.0
19,81,O PIASTRI,McLaren,16,Italy,Monza,2024,Race,,,2.0,28.230057692307692,28.499075471698113,27.84205660377358,320.0731707317073,3.0,2.0
0,1,M VERSTAPPEN,Red Bull Racing,17,Azerbaijan,Baku,2024,Race,,,6.0,40.009699999999995,44.59950980392156,26.175607843137257,315.6862745098039,3.0,5.0
1,10,P GASLY,Alpine,17,Azerbaijan,Baku,2024,Race,,,15.0,40.10002,45.1411568627451,26.223803921568628,315.98039215686276,2.0,12.0
2,11,S PEREZ,Red Bull Racing,17,Azerbaijan,Baku,2024,Race,,,4.0,39.03270833333333,43.83032653061225,25.636510204081635,318.51020408163265,2.0,17.0
3,14,F ALONSO,Aston Martin,17,Azerbaijan,Baku,2024,Race,,,8.0,40.03808,44.824666666666666,26.063901960784314,316.6470588235294,2.0,6.0
4,16,C LECLERC,Ferrari,17,Azerbaijan,Baku,2024,Race,,,1.0,39.52908,44.07535294117647,25.945470588235295,316.4313725490196,2.0,2.0
5,18,L STROLL,Aston Martin,17,Azerbaijan,Baku,2024,Race,,,14.0,39.97054545454545,44.790333333333336,26.18422222222222,318.15555555555557,3.0,19.0
6,22,Y TSUNODA,RB,17,Azerbaijan,Baku,2024,Race,,,12.0,42.15661538461539,45.98921428571429,27.309357142857145,310.2857142857143,2.0,20.0
7,23,A ALBON,Williams,17,Azerbaijan,Baku,2024,Race,,,10.0,40.27478,44.575431372549026,26.09978431372549,316.5098039215686,2.0,7.0
8,24,G ZHOU,Kick Sauber,17,Azerbaijan,Baku,2024,Race,,,18.0,40.688939999999995,45.11994117647059,26.29264705882353,313.921568627451,2.0,14.0
9,27,N HULKENBERG,Haas F1 Team,17,Azerbaijan,Baku,2024,Race,,,13.0,40.2833,44.60880392156863,26.13794117647059,314.9019607843137,2.0,11.0
10,3,D RICCIARDO,RB,17,Azerbaijan,Baku,2024,Race,,,15.0,40.56654,45.1833137254902,26.327627450980394,313.8235294117647,2.0,13.0
11,31,E OCON,Alpine,17,Azerbaijan,Baku,2024,Race,,,19.0,40.38408163265306,45.2311,26.13104,316.56,2.0,15.0
12,4,L NORRIS,McLaren,17,Azerbaijan,Baku,2024,Race,,,16.0,39.58066,44.23994117647059,26.078352941176473,314.62745098039215,2.0,4.0
13,43,F COLAPINTO,Williams,17,Azerbaijan,Baku,2024,Race,,,9.0,40.22038,44.755823529411764,26.023333333333333,318.0980392156863,2.0,8.0
14,44,L HAMILTON,Mercedes,17,Azerbaijan,Baku,2024,Race,,,7.0,40.29552,44.850274509803924,25.81449019607843,321.7843137254902,2.0,9.0
15,50,O BEARMAN,Haas F1 Team,17,Azerbaijan,Baku,2024,Race,,,11.0,40.19808,44.74207843137255,26.108999999999998,315.62745098039215,2.0,10.0
16,55,C SAINZ,Ferrari,17,Azerbaijan,Baku,2024,Race,,,3.0,38.9239375,43.8726530612245,25.692448979591838,317.81632653061223,2.0,18.0
17,63,G RUSSELL,Mercedes,17,Azerbaijan,Baku,2024,Race,,,5.0,39.6901,44.25735294117647,25.923862745098038,317.6666666666667,2.0,3.0
18,77,V BOTTAS,Kick Sauber,17,Azerbaijan,Baku,2024,Race,,,17.0,40.52,44.992399999999996,26.367579999999997,310.72,2.0,16.0
19,81,O PIASTRI,McLaren,17,Azerbaijan,Baku,2024,Race,,,2.0,39.4612,43.953901960784314,25.900235294117646,315.6078431372549,2.0,1.0
0,1,M VERSTAPPEN,Red Bull Racing,18,Singapore,Marina Bay,2024,Race,,,2.0,29.175229508196722,41.26830645161291,27.47348387096774,275.8787878787879,2.0,2.0
1,10,P GASLY,Alpine,18,Singapore,Marina Bay,2024,Race,,,18.0,29.65945,42.44904918032787,27.9567868852459,283.3333333333333,2.0,17.0
2,11,S PEREZ,Red Bull Racing,18,Singapore,Marina Bay,2024,Race,,,13.0,29.359750000000002,41.97996721311475,27.852114754098363,286.3454545454546,2.0,10.0
3,14,F ALONSO,Aston Martin,18,Singapore,Marina Bay,2024,Race,,,7.0,29.328983333333333,42.114704918032785,27.713245901639343,287.3333333333333,2.0,8.0
4,16,C LECLERC,Ferrari,18,Singapore,Marina Bay,2024,Race,,,9.0,29.131049180327867,41.76654838709677,27.64393548387097,288.27272727272725,2.0,5.0
5,18,L STROLL,Aston Martin,18,Singapore,Marina Bay,2024,Race,,,17.0,29.49845,42.4177868852459,27.955377049180328,282.0192307692308,2.0,14.0
6,20,K MAGNUSSEN,Haas F1 Team,18,Singapore,Marina Bay,2024,Race,,,14.0,29.922607142857142,43.13177192982456,28.789684210526314,288.29787234042556,3.0,19.0
7,22,Y TSUNODA,RB,18,Singapore,Marina Bay,2024,Race,,,8.0,29.4479,41.99434426229509,27.822131147540986,282.94736842105266,2.0,12.0
8,23,A ALBON,Williams,18,Singapore,Marina Bay,2024,Race,,,11.0,31.122285714285713,43.06046666666667,29.46333333333333,280.07142857142856,2.0,20.0
9,24,G ZHOU,Kick Sauber,18,Singapore,Marina Bay,2024,Race,,,20.0,29.55868333333333,42.34927868852459,28.115901639344262,280.75,2.0,15.0
10,27,N HULKENBERG,Haas F1 Team,18,Singapore,Marina Bay,2024,Race,,,6.0,29.448333333333334,42.06626229508196,27.691737704918033,285.9423076923077,2.0,9.0
11,3,D RICCIARDO,RB,18,Singapore,Marina Bay,2024,Race,,,16.0,30.268466666666665,42.15113114754099,28.1617868852459,281.27659574468083,4.0,18.0
12,31,E OCON,Alpine,18,Singapore,Marina Bay,2024,Race,,,15.0,29.566750000000003,42.378540983606555,27.886475409836066,280.75757575757575,2.0,13.0
13,4,L NORRIS,McLaren,18,Singapore,Marina Bay,2024,Race,,,1.0,29.098081967213115,41.013225806451615,27.477016129032258,280.4791666666667,2.0,1.0
14,43,F COLAPINTO,Williams,18,Singapore,Marina Bay,2024,Race,,,12.0,29.44025,41.91732786885246,27.876393442622952,284.28,2.0,11.0
15,44,L HAMILTON,Mercedes,18,Singapore,Marina Bay,2024,Race,,,3.0,29.465639344262296,41.84445161290322,27.639016129032257,280.8936170212766,2.0,6.0
16,55,C SAINZ,Ferrari,18,Singapore,Marina Bay,2024,Race,,,10.0,29.30995081967213,41.96148387096774,27.79567741935484,283.4375,2.0,7.0
17,63,G RUSSELL,Mercedes,18,Singapore,Marina Bay,2024,Race,,,4.0,29.28249180327869,41.68535483870968,27.57512903225806,283.2244897959184,2.0,4.0
18,77,V BOTTAS,Kick Sauber,18,Singapore,Marina Bay,2024,Race,,,19.0,29.614033333333335,42.42732786885246,27.995836065573773,281.42857142857144,2.0,16.0
19,81,O PIASTRI,McLaren,18,Singapore,Marina Bay,2024,Race,,,5.0,29.12501639344262,41.596951612903226,27.50116129032258,283.9019607843137,2.0,3.0
0,1,M VERSTAPPEN,Red Bull Racing,19,United States,Austin,2024,Sprint,1.0,1.0,2.0,27.489672727272726,40.68726785714286,34.11716071428571,299.5892857142857,2.0,3.0
1,10,P GASLY,Alpine,19,United States,Austin,2024,Sprint,12.0,14.0,7.0,27.892236363636364,40.97423214285714,34.586464285714285,302.5357142857143,2.0,12.0
2,11,S PEREZ,Red Bull Racing,19,United States,Austin,2024,Sprint,11.0,9.0,10.0,27.45750909090909,41.08798214285714,34.41594642857143,302.80357142857144,2.0,7.0
3,14,F ALONSO,Aston Martin,19,United States,Austin,2024,Sprint,14.0,18.0,8.0,27.838444444444445,41.3408,34.60876363636363,301.1272727272727,2.0,13.0
4,16,C LECLERC,Ferrari,19,United States,Austin,2024,Sprint,3.0,4.0,4.0,27.479563636363636,40.47467857142857,34.00001785714286,298.64285714285717,2.0,1.0
5,18,L STROLL,Aston Martin,19,United States,Austin,2024,Sprint,13.0,13.0,14.0,28.0185,41.44558181818182,34.59223636363637,298.90909090909093,2.0,15.0
6,20,K MAGNUSSEN,Haas F1 Team,19,United States,Austin,2024,Sprint,8.0,7.0,9.0,27.954272727272727,41.005875,34.38732142857143,304.64285714285717,3.0,11.0
7,22,Y TSUNODA,RB,19,United States,Austin,2024,Sprint,9.0,11.0,11.0,28.03372222222222,41.2822,34.50707272727273,303.07272727272726,2.0,14.0
8,23,A ALBON,Williams,19,United States,Austin,2024,Sprint,20.0,17.0,16.0,28.317759259259258,41.2464909090909,34.47365454545454,300.2909090909091,3.0,16.0
9,24,G ZHOU,Kick Sauber,19,United States,Austin,2024,Sprint,19.0,19.0,20.0,28.626925925925928,41.49769090909091,34.49814545454545,297.05454545454546,3.0,19.0
10,27,N HULKENBERG,Haas F1 Team,19,United States,Austin,2024,Sprint,6.0,8.0,12.0,27.732363636363637,40.98030357142857,34.30992857142857,299.0892857142857,2.0,8.0
11,30,L LAWSON,RB,19,United States,Austin,2024,Sprint,15.0,16.0,15.0,27.687763636363638,41.11233928571429,34.33233928571429,302.14285714285717,2.0,9.0
12,31,E OCON,Alpine,19,United States,Austin,2024,Sprint,17.0,15.0,13.0,28.23362962962963,41.412636363636366,34.66816363636364,299.4909090909091,3.0,18.0
13,4,L NORRIS,McLaren,19,United States,Austin,2024,Sprint,4.0,3.0,1.0,27.522363636363636,40.55698214285714,34.12630357142857,299.17857142857144,2.0,4.0
14,43,F COLAPINTO,Williams,19,United States,Austin,2024,Sprint,10.0,12.0,17.0,27.67336363636364,41.10823214285715,34.38607142857143,304.19642857142856,2.0,10.0
15,44,L HAMILTON,Mercedes,19,United States,Austin,2024,Sprint,7.0,6.0,19.0,,42.336,34.43,317.0,1.0,20.0
16,55,C SAINZ,Ferrari,19,United States,Austin,2024,Sprint,5.0,2.0,3.0,27.508363636363637,40.51230357142857,34.069964285714285,296.4642857142857,2.0,2.0
17,63,G RUSSELL,Mercedes,19,United States,Austin,2024,Sprint,2.0,5.0,6.0,27.57690909090909,40.869660714285715,34.36633928571428,311.23214285714283,2.0,6.0
18,77,V BOTTAS,Kick Sauber,19,United States,Austin,2024,Sprint,18.0,20.0,18.0,28.089185185185187,41.500454545454545,34.74469090909091,302.1818181818182,2.0,17.0
19,81,O PIASTRI,McLaren,19,United States,Austin,2024,Sprint,16.0,10.0,5.0,27.582109090909093,40.64832142857143,34.08528571428572,297.92857142857144,2.0,5.0
0,1,M VERSTAPPEN,Red Bull Racing,20,Mexico,Mexico City,2024,Race,,,2.0,31.238528571428574,32.854591549295776,22.029436619718307,315.8833333333333,2.0,6.0
1,10,P GASLY,Alpine,20,Mexico,Mexico City,2024,Race,,,8.0,31.236852941176473,33.069753623188404,22.191728571428573,317.76271186440675,2.0,10.0
2,11,S PEREZ,Red Bull Racing,20,Mexico,Mexico City,2024,Race,,,18.0,32.034579710144925,33.221357142857144,22.253314285714286,312.0188679245283,4.0,17.0
3,14,F ALONSO,Aston Martin,20,Mexico,Mexico City,2024,Race,,,13.0,40.10261538461538,37.81628571428571,25.1718,271.8,1.0,18.0
4,16,C LECLERC,Ferrari,20,Mexico,Mexico City,2024,Race,,,4.0,30.790185714285716,32.89412676056338,22.065901408450706,316.6909090909091,3.0,3.0
5,18,L STROLL,Aston Martin,20,Mexico,Mexico City,2024,Race,,,14.0,31.36855072463768,33.27211428571428,22.17752857142857,319.015873015873,2.0,11.0
6,20,K MAGNUSSEN,Haas F1 Team,20,Mexico,Mexico City,2024,Race,,,7.0,30.885357142857142,33.054788732394364,22.214732394366198,318.49056603773585,2.0,7.0
7,22,Y TSUNODA,RB,20,Mexico,Mexico City,2024,Race,,,11.0,,,,,1.0,20.0
8,23,A ALBON,Williams,20,Mexico,Mexico City,2024,Race,,,9.0,,,,,1.0,19.0
9,24,G ZHOU,Kick Sauber,20,Mexico,Mexico City,2024,Race,,,20.0,31.691405797101446,33.41952857142857,22.216700000000003,310.67241379310343,2.0,15.0
10,27,N HULKENBERG,Haas F1 Team,20,Mexico,Mexico City,2024,Race,,,10.0,31.13027536231884,33.20945714285714,22.172285714285714,317.7818181818182,2.0,9.0
11,30,L LAWSON,RB,20,Mexico,Mexico City,2024,Race,,,12.0,31.76684057971014,33.304271428571425,22.322757142857142,318.51666666666665,3.0,16.0
12,31,E OCON,Alpine,20,Mexico,Mexico City,2024,Race,,,19.0,31.460478260869568,33.176742857142855,22.289614285714283,316.13793103448273,2.0,13.0
13,4,L NORRIS,McLaren,20,Mexico,Mexico City,2024,Race,,,3.0,30.58824285714286,32.75461971830986,21.99132394366197,320.4035087719298,2.0,2.0
14,43,F COLAPINTO,Williams,20,Mexico,Mexico City,2024,Race,,,16.0,31.42889855072464,33.312985714285716,22.098185714285716,317.85714285714283,2.0,12.0
15,44,L HAMILTON,Mercedes,20,Mexico,Mexico City,2024,Race,,,6.0,30.76307142857143,33.03561971830986,22.09345070422535,322.4339622641509,2.0,4.0
16,55,C SAINZ,Ferrari,20,Mexico,Mexico City,2024,Race,,,1.0,30.596714285714285,32.83559154929577,21.842464788732396,313.60377358490564,2.0,1.0
17,63,G RUSSELL,Mercedes,20,Mexico,Mexico City,2024,Race,,,5.0,30.9587,32.906774647887325,22.079732394366197,312.60377358490564,2.0,5.0
18,77,V BOTTAS,Kick Sauber,20,Mexico,Mexico City,2024,Race,,,15.0,31.611724637681156,33.13218571428572,22.30898571428571,310.5,2.0,14.0
19,81,O PIASTRI,McLaren,20,Mexico,Mexico City,2024,Race,,,17.0,31.159114285714285,32.95077464788733,22.018704225352113,322.3709677419355,2.0,8.0
0,1,M VERSTAPPEN,Red Bull Racing,21,Brazil,São Paulo,2024,Sprint,4.0,4.0,12.0,22.549298507462687,46.99202898550725,20.228536231884057,249.64705882352942,2.0,1.0
1,10,P GASLY,Alpine,21,Brazil,São Paulo,2024,Sprint,7.0,7.0,15.0,22.57758208955224,47.161,20.441000000000003,244.53225806451613,2.0,3.0
2,11,S PEREZ,Red Bull Racing,21,Brazil,São Paulo,2024,Sprint,13.0,8.0,13.0,22.977597014925372,47.06555072463768,20.394536231884057,240.62121212121212,3.0,11.0
3,14,F ALONSO,Aston Martin,21,Brazil,São Paulo,2024,Sprint,18.0,18.0,9.0,23.183477611940297,46.78111594202898,20.85759420289855,234.8,3.0,14.0
4,16,C LECLERC,Ferrari,21,Brazil,São Paulo,2024,Sprint,3.0,3.0,6.0,22.8944776119403,46.80911594202899,20.440521739130435,249.044776119403,3.0,5.0
5,18,L STROLL,Aston Martin,21,Brazil,São Paulo,2024,Sprint,19.0,19.0,10.0,,,,,1.0,19.0
6,22,Y TSUNODA,RB,21,Brazil,São Paulo,2024,Sprint,17.0,15.0,3.0,22.921044776119402,47.049,20.373782608695652,239.72727272727272,3.0,7.0
7,23,A ALBON,Williams,21,Brazil,São Paulo,2024,Sprint,9.0,10.0,7.0,,,,,,18.0
8,24,G ZHOU,Kick Sauber,21,Brazil,São Paulo,2024,Sprint,20.0,17.0,20.0,24.502641791044773,47.573115942028984,20.734376811594203,232.0483870967742,5.0,15.0
9,27,N HULKENBERG,Haas F1 Team,21,Brazil,São Paulo,2024,Sprint,12.0,20.0,19.0,25.989464285714288,47.086866666666666,21.233366666666665,246.46153846153845,4.0,20.0
10,30,L LAWSON,RB,21,Brazil,São Paulo,2024,Sprint,8.0,9.0,5.0,23.124805970149254,46.75926086956522,20.539478260869565,239.5076923076923,3.0,9.0
11,31,E OCON,Alpine,21,Brazil,São Paulo,2024,Sprint,16.0,13.0,4.0,22.61955223880597,47.2145652173913,20.240797101449274,240.09230769230768,2.0,2.0
12,4,L NORRIS,McLaren,21,Brazil,São Paulo,2024,Sprint,2.0,1.0,1.0,22.929358208955225,46.880797101449275,20.448275362318842,243.2089552238806,3.0,6.0
13,43,F COLAPINTO,Williams,21,Brazil,São Paulo,2024,Sprint,14.0,12.0,18.0,23.702310344827584,46.905033333333336,19.402266666666666,239.64285714285714,2.0,17.0
14,44,L HAMILTON,Mercedes,21,Brazil,São Paulo,2024,Sprint,11.0,11.0,16.0,22.924492537313434,46.85847826086957,20.61427536231884,237.75757575757575,3.0,10.0
15,50,O BEARMAN,Haas F1 Team,21,Brazil,São Paulo,2024,Sprint,10.0,14.0,17.0,23.13931343283582,46.989739130434785,20.434101449275364,245.22222222222223,3.0,12.0
16,55,C SAINZ,Ferrari,21,Brazil,São Paulo,2024,Sprint,5.0,5.0,14.0,23.85325,47.712315789473685,20.952,241.24242424242425,3.0,16.0
17,63,G RUSSELL,Mercedes,21,Brazil,São Paulo,2024,Sprint,6.0,6.0,2.0,22.963,46.7889420289855,20.375927536231885,239.4126984126984,3.0,4.0
18,77,V BOTTAS,Kick Sauber,21,Brazil,São Paulo,2024,Sprint,15.0,16.0,11.0,22.895253731343285,47.11094202898551,20.572086956521737,250.23076923076923,2.0,13.0
19,81,O PIASTRI,McLaren,21,Brazil,São Paulo,2024,Sprint,1.0,2.0,8.0,22.997611940298505,46.69265217391305,20.50189855072464,238.91803278688525,3.0,8.0
0,1,M VERSTAPPEN,Red Bull Racing,22,United States,Las Vegas,2024,Race,,,5.0,28.7059387755102,32.9855,37.03404,304.04,3.0,5.0
1,10,P GASLY,Alpine,22,United States,Las Vegas,2024,Race,,,3.0,30.28392857142857,33.71773333333333,38.21273333333333,298.4,2.0,20.0
2,11,S PEREZ,Red Bull Racing,22,United States,Las Vegas,2024,Race,,,16.0,28.994204081632653,33.30808,37.29192,303.22,3.0,10.0
3,14,F ALONSO,Aston Martin,22,United States,Las Vegas,2024,Race,,,17.0,29.15269387755102,33.42694,37.150279999999995,305.64,3.0,11.0
4,16,C LECLERC,Ferrari,22,United States,Las Vegas,2024,Race,,,4.0,28.836244897959187,33.07614,36.78974,313.62,3.0,4.0
5,18,L STROLL,Aston Martin,22,United States,Las Vegas,2024,Race,,,20.0,29.538857142857143,33.351060000000004,37.12114,308.22,3.0,15.0
6,20,K MAGNUSSEN,Haas F1 Team,22,United States,Las Vegas,2024,Race,,,12.0,28.929755102040815,33.55176,37.26218,309.2,2.0,12.0
7,22,Y TSUNODA,RB,22,United States,Las Vegas,2024,Race,,,7.0,29.191714285714287,33.26326,37.194520000000004,307.96,3.0,9.0
8,23,A ALBON,Williams,22,United States,Las Vegas,2024,Race,,,18.0,29.395666666666667,33.70932,37.801320000000004,304.6,2.0,19.0
9,24,G ZHOU,Kick Sauber,22,United States,Las Vegas,2024,Race,,,13.0,29.04957142857143,33.520160000000004,37.26988,299.24,3.0,13.0
10,27,N HULKENBERG,Haas F1 Team,22,United States,Las Vegas,2024,Race,,,9.0,29.059408163265307,33.41102,37.10802,309.86,3.0,8.0
11,30,L LAWSON,RB,22,United States,Las Vegas,2024,Race,,,15.0,29.260204081632654,33.35116,37.549459999999996,298.54,3.0,16.0
12,31,E OCON,Alpine,22,United States,Las Vegas,2024,Race,,,11.0,29.56041666666667,33.49673469387755,37.35604081632653,310.1020408163265,4.0,17.0
13,4,L NORRIS,McLaren,22,United States,Las Vegas,2024,Race,,,6.0,29.067122448979593,33.18288,37.01072,314.88,4.0,6.0
14,43,F COLAPINTO,Williams,22,United States,Las Vegas,2024,Race,,,14.0,29.190408163265303,33.540459999999996,37.0318,301.92,3.0,14.0
15,44,L HAMILTON,Mercedes,22,United States,Las Vegas,2024,Race,,,10.0,28.618938775510202,33.05808,36.82324,315.64,3.0,2.0
16,55,C SAINZ,Ferrari,22,United States,Las Vegas,2024,Race,,,2.0,28.667204081632654,33.12614,36.856700000000004,320.1,3.0,3.0
17,63,G RUSSELL,Mercedes,22,United States,Las Vegas,2024,Race,,,1.0,28.58877551020408,32.80762,37.02796,321.68,3.0,1.0
18,77,V BOTTAS,Kick Sauber,22,United States,Las Vegas,2024,Race,,,19.0,29.4201875,33.68104081632653,37.43610204081633,296.48979591836735,3.0,18.0
19,81,O PIASTRI,McLaren,22,United States,Las Vegas,2024,Race,,,8.0,29.06569387755102,33.38864,36.94672,313.26,3.0,7.0
0,1,M VERSTAPPEN,Red Bull Racing,23,Qatar,Lusail,2024,Sprint,6.0,8.0,1.0,35.459250000000004,31.198543859649124,29.243350877192984,263.90625,4.0,1.0
1,10,P GASLY,Alpine,23,Qatar,Lusail,2024,Sprint,8.0,9.0,11.0,34.99725,31.740526315789474,29.36540350877193,291.0238095238095,4.0,5.0
2,11,S PEREZ,Red Bull Racing,23,Qatar,Lusail,2024,Sprint,19.0,20.0,9.0,35.942054054054054,32.070815789473684,29.05984210526316,282.42424242424244,4.0,17.0
3,14,F ALONSO,Aston Martin,23,Qatar,Lusail,2024,Sprint,11.0,11.0,8.0,35.319607142857144,31.681070175438595,29.185719298245616,291.375,4.0,7.0
4,16,C LECLERC,Ferrari,23,Qatar,Lusail,2024,Sprint,5.0,5.0,5.0,35.37326785714286,31.273280701754388,29.328087719298246,281.7083333333333,4.0,2.0
5,18,L STROLL,Aston Martin,23,Qatar,Lusail,2024,Sprint,14.0,13.0,15.0,46.57842857142857,36.625875,38.636875,251.5,3.0,18.0
6,20,K MAGNUSSEN,Haas F1 Team,23,Qatar,Lusail,2024,Sprint,15.0,10.0,10.0,35.43528571428571,31.637333333333334,29.318491228070176,290.01960784313724,4.0,9.0
7,22,Y TSUNODA,RB,23,Qatar,Lusail,2024,Sprint,16.0,17.0,14.0,35.972,31.850228070175437,29.087070175438598,285.2325581395349,5.0,13.0
8,23,A ALBON,Williams,23,Qatar,Lusail,2024,Sprint,12.0,15.0,16.0,36.22692727272727,32.06825,29.372732142857142,290.47058823529414,5.0,15.0
9,24,G ZHOU,Kick Sauber,23,Qatar,Lusail,2024,Sprint,18.0,19.0,12.0,35.104214285714285,31.72678947368421,29.356438596491227,288.46,4.0,8.0
10,27,N HULKENBERG,Haas F1 Team,23,Qatar,Lusail,2024,Sprint,9.0,7.0,18.0,36.18592105263158,31.790179487179486,29.642692307692307,286.3235294117647,5.0,16.0
11,30,L LAWSON,RB,23,Qatar,Lusail,2024,Sprint,10.0,16.0,17.0,36.31035714285714,31.706070175438597,28.91161403508772,280.425,5.0,14.0
12,31,E OCON,Alpine,23,Qatar,Lusail,2024,Sprint,17.0,14.0,20.0,,,,,1.0,20.0
13,4,L NORRIS,McLaren,23,Qatar,Lusail,2024,Sprint,1.0,2.0,3.0,35.89848214285714,31.225456140350875,29.40061403508772,272.8888888888889,5.0,10.0
14,43,F COLAPINTO,Williams,23,Qatar,Lusail,2024,Sprint,20.0,18.0,19.0,,,,,1.0,19.0
15,44,L HAMILTON,Mercedes,23,Qatar,Lusail,2024,Sprint,7.0,6.0,6.0,35.65225,31.94140350877193,29.227543859649124,290.7916666666667,5.0,12.0
16,55,C SAINZ,Ferrari,23,Qatar,Lusail,2024,Sprint,4.0,4.0,7.0,35.24657142857143,31.658807017543857,29.256543859649124,292.66,4.0,6.0
17,63,G RUSSELL,Mercedes,23,Qatar,Lusail,2024,Sprint,2.0,3.0,2.0,35.50730357142857,31.36840350877193,29.168087719298242,282.51162790697674,5.0,4.0
18,77,V BOTTAS,Kick Sauber,23,Qatar,Lusail,2024,Sprint,13.0,12.0,13.0,35.438892857142854,31.740052631578948,29.524403508771933,288.66037735849056,4.0,11.0
19,81,O PIASTRI,McLaren,23,Qatar,Lusail,2024,Sprint,3.0,1.0,4.0,35.388285714285715,31.484912280701757,29.107105263157894,278.075,4.0,3.0
0,1,M VERSTAPPEN,Red Bull Racing,24,United Arab Emirates,Yas Island,2024,Race,,,5.0,18.492719298245614,38.72053448275862,33.07977586206896,311.3448275862069,2.0,6.0
1,10,P GASLY,Alpine,24,United Arab Emirates,Yas Island,2024,Race,,,6.0,18.4289649122807,38.93396551724138,33.36258620689655,301.94827586206895,2.0,7.0
2,11,S PEREZ,Red Bull Racing,24,United Arab Emirates,Yas Island,2024,Race,,,10.0,,,,,1.0,20.0
3,14,F ALONSO,Aston Martin,24,United Arab Emirates,Yas Island,2024,Race,,,8.0,18.72761403508772,38.869689655172415,33.284810344827584,301.2413793103448,3.0,9.0
4,16,C LECLERC,Ferrari,24,United Arab Emirates,Yas Island,2024,Race,,,14.0,18.366175438596493,38.52874137931035,33.093310344827586,310.87931034482756,2.0,3.0
5,18,L STROLL,Aston Martin,24,United Arab Emirates,Yas Island,2024,Race,,,13.0,18.79430357142857,38.83547368421053,33.62252631578947,306.10526315789474,3.0,14.0
6,20,K MAGNUSSEN,Haas F1 Team,24,United Arab Emirates,Yas Island,2024,Race,,,15.0,19.673928571428572,38.91529824561403,33.80938596491228,306.03508771929825,5.0,16.0
7,22,Y TSUNODA,RB,24,United Arab Emirates,Yas Island,2024,Race,,,11.0,18.470910714285715,39.1260350877193,33.648666666666664,303.6140350877193,2.0,12.0
8,23,A ALBON,Williams,24,United Arab Emirates,Yas Island,2024,Race,,,16.0,18.52267857142857,38.962298245614036,33.71112280701754,309.82456140350877,2.0,11.0
9,24,G ZHOU,Kick Sauber,24,United Arab Emirates,Yas Island,2024,Race,,,17.0,18.915767857142857,39.005859649122804,33.387912280701755,300.9122807017544,3.0,13.0
10,27,N HULKENBERG,Haas F1 Team,24,United Arab Emirates,Yas Island,2024,Race,,,4.0,18.501947368421053,38.77148275862069,33.4895,305.44827586206895,2.0,8.0
11,30,L LAWSON,RB,24,United Arab Emirates,Yas Island,2024,Race,,,12.0,19.492555555555555,39.124981818181816,33.609981818181815,299.1636363636364,4.0,17.0
12,4,L NORRIS,McLaren,24,United Arab Emirates,Yas Island,2024,Race,,,1.0,18.372877192982454,38.4721551724138,32.665362068965514,303.3965517241379,2.0,1.0
13,43,F COLAPINTO,Williams,24,United Arab Emirates,Yas Island,2024,Race,,,19.0,19.31876,39.97861538461538,35.48988461538461,295.38461538461536,2.0,19.0
14,44,L HAMILTON,Mercedes,24,United Arab Emirates,Yas Island,2024,Race,,,18.0,18.235877192982453,38.78386206896552,33.043517241379305,310.0344827586207,2.0,4.0
15,55,C SAINZ,Ferrari,24,United Arab Emirates,Yas Island,2024,Race,,,3.0,18.36978947368421,38.36603448275862,32.846758620689656,307.55172413793105,2.0,2.0
16,61,J DOOHAN,Alpine,24,United Arab Emirates,Yas Island,2024,Race,,,20.0,18.409214285714285,39.289,33.76198245614035,303.50877192982455,2.0,15.0
17,63,G RUSSELL,Mercedes,24,United Arab Emirates,Yas Island,2024,Race,,,7.0,18.254684210526317,38.71312068965517,33.13984482758621,305.8448275862069,2.0,5.0
18,77,V BOTTAS,Kick Sauber,24,United Arab Emirates,Yas Island,2024,Race,,,9.0,19.66096551724138,40.31266666666667,34.80376666666667,300.1666666666667,2.0,18.0
19,81,O PIASTRI,McLaren,24,United Arab Emirates,Yas Island,2024,Race,,,2.0,18.882964912280702,38.677982758620686,33.23262068965517,304.7413793103448,3.0,10.0
